{
  "uid": "120f0819-dbb4-4fae-bd84-a83fa28d7c74",
  "name": "Order Processing Form",
  "description": "Form to collect order details",
  "identifier": "orderProcessingForm",
  "type": "bpi.form",
  "visibility": true,
  "activated": true,
  "header": {
    "inputs": {
      "$schema": "http://json-schema.org/draft-07/schema",
      "title": "input",
      "type": "object",
      "required": [],
      "properties": {
        "customerName": {
          "title": "Customer Name",
          "description": "",
          "uid": "fbs1BWbO5BV00a1r8EP_0Md",
          "type": "string",
          "minLength": 0,
          "maxLength": 256
        },
        "orderNumber": {
          "title": "Order Number",
          "description": "",
          "uid": "fbnwA9stAyZszWdoGzOu6BB",
          "type": "string",
          "minLength": 0,
          "maxLength": 256
        },
        "orderAmount": {
          "title": "Order Amount",
          "description": "",
          "uid": "fbnnrOaSiXOxDPPV3Zz6DdR",
          "type": "number"
        },
        "orderDate": {
          "title": "Order Date",
          "description": "",
          "uid": "fbWQeFpvOX1XOtBz17vXP7D",
          "type": "string",
          "format": "date"
        },
        "shippingCountry": {
          "title": "Shipping Country",
          "description": "",
          "uid": "fbm8Zshz5nYAIfDF27B9b2m",
          "type": "string",
          "minLength": 0,
          "maxLength": 256
        },
        "expectedDeliveryDate": {
          "title": "Expected Delivery Date",
          "description": "",
          "uid": "fbwPpHeNqcxtqdu04blLmwT",
          "type": "string",
          "format": "date"
        }
      }
    },
    "outputs": {
      "$schema": "http://json-schema.org/draft-07/schema",
      "title": "output",
      "type": "object",
      "required": [
        "customerName",
        "orderNumber",
        "orderAmount",
        "orderDate",
        "shippingCountry",
        "expectedDeliveryDate"
      ],
      "properties": {
        "customerName": {
          "title": "Customer Name",
          "description": "",
          "uid": "fbs1BWbO5BV00a1r8EP_0Md",
          "type": "string",
          "minLength": 0,
          "maxLength": 256
        },
        "orderNumber": {
          "title": "Order Number",
          "description": "",
          "uid": "fbnwA9stAyZszWdoGzOu6BB",
          "type": "string",
          "minLength": 0,
          "maxLength": 256
        },
        "orderAmount": {
          "title": "Order Amount",
          "description": "",
          "uid": "fbnnrOaSiXOxDPPV3Zz6DdR",
          "type": "number"
        },
        "orderDate": {
          "title": "Order Date",
          "description": "",
          "uid": "fbWQeFpvOX1XOtBz17vXP7D",
          "type": "string",
          "format": "date"
        },
        "shippingCountry": {
          "title": "Shipping Country",
          "description": "",
          "uid": "fbm8Zshz5nYAIfDF27B9b2m",
          "type": "string",
          "minLength": 0,
          "maxLength": 256
        },
        "expectedDeliveryDate": {
          "title": "Expected Delivery Date",
          "description": "",
          "uid": "fbwPpHeNqcxtqdu04blLmwT",
          "type": "string",
          "format": "date"
        }
      }
    },
    "mode": "bpi.standard",
    "outcomes": [
      {
        "id": "submit",
        "name": "Submit"
      }
    ],
    "hints": {
      "inputMappingRecommended": []
    },
    "uri": "/comsapspaprocessautomation.comsapspabpiprocessformtrigger",
    "taskUIType": "SBPAForm"
  },
  "validity": true,
  "keywords": "bpi.forms",
  "access": "default",
  "contents": [
    {
      "uid": "64e2b230-c5de-49c1-909c-8e2455e03d49",
      "name": "content",
      "mimeType": "application/json",
      "size": 2651,
      "lastUpdateRelease": "2412.05"
    },
    {
      "uid": "e73852fe-0a2d-4d18-ba04-2e13fe8cc285",
      "name": "descriptor",
      "mimeType": "application/json",
      "size": 2710,
      "lastUpdateRelease": "2412.05"
    }
  ],
  "exportRelease": "2501.02",
  "lastHeaderUpdateRelease": "2311.05",
  "submittable": true,
  "mode": "managed"
}