{
  "uid": "e67c1abc-c9cd-479f-91c4-278f046851bd",
  "name": "Order Confirmation Form",
  "description": "Notification form to inform whether the sales order is approved by the supplier",
  "identifier": "orderConfirmationForm",
  "type": "bpi.form",
  "visibility": true,
  "activated": true,
  "header": {
    "inputs": {
      "$schema": "http://json-schema.org/draft-07/schema",
      "title": "input",
      "type": "object",
      "required": [],
      "properties": {
        "messageFromTheSupplier": {
          "title": "Message from the supplier",
          "description": "",
          "uid": "fb4eIWPyDNEae9b2lJ9m8Ro",
          "type": "string",
          "minLength": 0,
          "maxLength": 1700
        },
        "orderNumber": {
          "title": "Order Number",
          "description": "",
          "uid": "fb81JXA4z_SEvmsHYrPm4oR",
          "type": "string",
          "minLength": 0,
          "maxLength": 256
        },
        "orderAmount": {
          "title": "Order Amount",
          "description": "",
          "uid": "fbc0NhWlsldEFSHfoZHik7y",
          "type": "number"
        },
        "expectedDeliveryDate": {
          "title": "Expected Delivery Date",
          "description": "",
          "uid": "fbtSfdZ1IQHDabufEJsNwcQ",
          "type": "string",
          "format": "date"
        }
      }
    },
    "outputs": {
      "$schema": "http://json-schema.org/draft-07/schema",
      "title": "output",
      "type": "object",
      "required": [],
      "properties": {
        "messageFromTheSupplier": {
          "title": "Message from the supplier",
          "description": "",
          "uid": "fb4eIWPyDNEae9b2lJ9m8Ro",
          "type": "string",
          "minLength": 0,
          "maxLength": 1700
        }
      }
    },
    "mode": "bpi.standard",
    "outcomes": [
      {
        "id": "submit",
        "name": "Submit"
      }
    ],
    "hints": {
      "inputMappingRecommended": [
        "/orderNumber",
        "/orderAmount",
        "/expectedDeliveryDate"
      ]
    },
    "uri": "/comsapspaprocessautomation.comsapspabpiprocessformtrigger",
    "taskUIType": "SBPAForm"
  },
  "validity": true,
  "keywords": "bpi.forms",
  "access": "default",
  "contents": [
    {
      "uid": "a29f50c3-0796-487e-af25-f111c5101788",
      "name": "content",
      "mimeType": "application/json",
      "size": 2190,
      "lastUpdateRelease": "2412.05"
    },
    {
      "uid": "e27af5af-0dd2-470c-b254-247dad911ddb",
      "name": "descriptor",
      "mimeType": "application/json",
      "size": 2452,
      "lastUpdateRelease": "2412.05"
    }
  ],
  "exportRelease": "2501.02",
  "lastHeaderUpdateRelease": "2311.05",
  "submittable": true,
  "mode": "managed"
}