{
  "uid": "e6ac822f-4c1b-44d6-a9dc-a838b515c53d",
  "name": "Order Processing",
  "description": "A process to handle sales orders",
  "identifier": "orderProcessing",
  "type": "bpi.process",
  "visibility": true,
  "activated": true,
  "header": {
    "inputs": [],
    "outputs": {
      "$schema": "http://json-schema.org/draft-07/schema#",
      "title": "outputs",
      "type": "object",
      "properties": {}
    },
    "processAttributes": {
      "$schema": "http://json-schema.org/draft-07/schema#",
      "title": "processAttributes",
      "type": "object",
      "properties": {},
      "required": []
    },
    "requiresBusinessUser": false
  },
  "buildHeader": {
    "processAttributes": {
      "$schema": "http://json-schema.org/draft-07/schema#",
      "title": "processAttributes",
      "type": "object",
      "properties": {},
      "required": []
    },
    "requiresBusinessUser": false,
    "input": {
      "type": "object",
      "properties": {},
      "required": [],
      "$schema": "http://json-schema.org/draft-07/schema#"
    },
    "configuration": {
      "type": "object",
      "properties": {},
      "required": [],
      "$schema": "http://json-schema.org/draft-07/schema#"
    },
    "output": {
      "type": "object",
      "properties": {},
      "required": [],
      "$schema": "http://json-schema.org/draft-07/schema#"
    }
  },
  "validity": true,
  "dependencies": [
    {
      "artifactUid": "dca41a70-1cc8-4127-b1f4-cfb402c6cb8d",
      "artifactContainerUid": "dd973f1b-10d5-4234-9901-2fc5a09b6964",
      "type": "content",
      "mode": "association"
    },
    {
      "artifactUid": "52a03019-d91a-404b-b2b1-9b6d07182127",
      "artifactContainerUid": "dd973f1b-10d5-4234-9901-2fc5a09b6964",
      "type": "content",
      "mode": "association"
    },
    {
      "artifactUid": "120f0819-dbb4-4fae-bd84-a83fa28d7c74",
      "artifactContainerUid": "dd973f1b-10d5-4234-9901-2fc5a09b6964",
      "type": "content",
      "mode": "association"
    },
    {
      "artifactUid": "e67c1abc-c9cd-479f-91c4-278f046851bd",
      "artifactContainerUid": "dd973f1b-10d5-4234-9901-2fc5a09b6964",
      "type": "content",
      "mode": "association"
    },
    {
      "artifactUid": "c79d120b-df6f-49f2-9ae2-e5f0a82b767f",
      "artifactContainerUid": "dd973f1b-10d5-4234-9901-2fc5a09b6964",
      "type": "content",
      "mode": "association"
    }
  ],
  "keywords": "bpi.process",
  "access": "default",
  "contents": [
    {
      "uid": "c4e41a41-9cf5-4aa2-b715-f02e865deee2",
      "name": "Order Processing",
      "mimeType": "application/json",
      "size": 21860,
      "lastUpdateRelease": "2412.05"
    }
  ],
  "exportRelease": "2501.02",
  "lastHeaderUpdateRelease": "2311.05",
  "submittable": false,
  "mode": "managed"
}