{
  "uid": "dca41a70-1cc8-4127-b1f4-cfb402c6cb8d",
  "name": "Approval Form",
  "description": "Form to approve or reject the sales order",
  "identifier": "approvalForm",
  "type": "bpi.form",
  "visibility": true,
  "activated": true,
  "header": {
    "inputs": {
      "$schema": "http://json-schema.org/draft-07/schema",
      "title": "input",
      "type": "object",
      "required": [],
      "properties": {
        "customerName": {
          "title": "Customer Name",
          "description": "",
          "uid": "fbJkEJu1xkDNiEeLblBUyja",
          "type": "string",
          "minLength": 0,
          "maxLength": 256
        },
        "orderNumber": {
          "title": "Order Number",
          "description": "",
          "uid": "fbVDGYp0KIeznUXeSTtXmd9",
          "type": "string",
          "minLength": 0,
          "maxLength": 256
        },
        "orderAmount": {
          "title": "Order Amount",
          "description": "",
          "uid": "fbRPn3PpPdo6iTwG1dhfQo7",
          "type": "number"
        },
        "orderDeliveryDate": {
          "title": "Order Delivery Date",
          "description": "",
          "uid": "fbGmWTSChRzoGCZnsJPyOcS",
          "type": "string",
          "format": "date"
        },
        "iAcknowledgeThatWeReceivedYourOrderAndWillProcessItBasedOnTh": {
          "title": "I acknowledge that we received your order and will process it based on the availability.",
          "description": "",
          "uid": "fb3cfJX26mOma5DD_POyesB",
          "type": "boolean"
        },
        "messageToBuyer": {
          "title": "Message to buyer",
          "description": "",
          "uid": "fbb0eaeP4s5yFaadNK_zlo7",
          "type": "string",
          "minLength": 0,
          "maxLength": 1700
        }
      }
    },
    "outputs": {
      "$schema": "http://json-schema.org/draft-07/schema",
      "title": "output",
      "type": "object",
      "required": [],
      "properties": {
        "iAcknowledgeThatWeReceivedYourOrderAndWillProcessItBasedOnTh": {
          "title": "I acknowledge that we received your order and will process it based on the availability.",
          "description": "",
          "uid": "fb3cfJX26mOma5DD_POyesB",
          "type": "boolean"
        },
        "messageToBuyer": {
          "title": "Message to buyer",
          "description": "",
          "uid": "fbb0eaeP4s5yFaadNK_zlo7",
          "type": "string",
          "minLength": 0,
          "maxLength": 1700
        }
      }
    },
    "mode": "bpi.approval",
    "outcomes": [
      {
        "id": "approve",
        "name": "Approve"
      },
      {
        "id": "reject",
        "name": "Reject"
      }
    ],
    "hints": {
      "inputMappingRecommended": [
        "/customerName",
        "/orderNumber",
        "/orderAmount",
        "/orderDeliveryDate"
      ]
    },
    "uri": "/comsapspaprocessautomation.comsapspabpiprocessformtrigger",
    "taskUIType": "SBPAForm"
  },
  "validity": true,
  "keywords": "bpi.forms",
  "access": "default",
  "contents": [
    {
      "uid": "ff081de4-3b58-4c8b-8e0b-1ff5461538f2",
      "name": "content",
      "mimeType": "application/json",
      "size": 3027,
      "lastUpdateRelease": "2412.05"
    },
    {
      "uid": "4decb9f4-f94e-4bd0-84d9-262209dc34d5",
      "name": "descriptor",
      "mimeType": "application/json",
      "size": 3417,
      "lastUpdateRelease": "2412.05"
    }
  ],
  "exportRelease": "2501.02",
  "lastHeaderUpdateRelease": "2311.05",
  "submittable": false,
  "mode": "managed"
}