{
  "uid": "52a03019-d91a-404b-b2b1-9b6d07182127",
  "name": "Auto Approval Notification",
  "description": "Notification form to inform auto approval of the sales order",
  "identifier": "autoApprovalNotification",
  "type": "bpi.form",
  "visibility": true,
  "activated": true,
  "header": {
    "inputs": {
      "$schema": "http://json-schema.org/draft-07/schema",
      "title": "input",
      "type": "object",
      "required": [],
      "properties": {
        "orderNumber": {
          "title": "Order Number",
          "description": "",
          "uid": "fbjbrRofKwvqO_pCwZXWd1l",
          "type": "string",
          "minLength": 0,
          "maxLength": 256
        },
        "orderAmount": {
          "title": "Order Amount",
          "description": "",
          "uid": "fb8CBB9UTTpZszUcEpxeGCV",
          "type": "number"
        },
        "expectedDeliveryDate": {
          "title": "Expected Delivery Date",
          "description": "",
          "uid": "fb7K6nUbqLX8FTkUw7x7AkD",
          "type": "string",
          "format": "date"
        }
      }
    },
    "outputs": {
      "$schema": "http://json-schema.org/draft-07/schema",
      "title": "output",
      "type": "object",
      "required": [],
      "properties": {}
    },
    "mode": "bpi.standard",
    "outcomes": [
      {
        "id": "submit",
        "name": "Submit"
      }
    ],
    "hints": {
      "inputMappingRecommended": [
        "/orderNumber",
        "/orderAmount",
        "/expectedDeliveryDate"
      ]
    },
    "uri": "/comsapspaprocessautomation.comsapspabpiprocessformtrigger",
    "taskUIType": "SBPAForm"
  },
  "validity": true,
  "keywords": "bpi.forms",
  "access": "default",
  "contents": [
    {
      "uid": "a541130c-9a5c-4fb7-9f2f-589ee4cf7e44",
      "name": "content",
      "mimeType": "application/json",
      "size": 1983,
      "lastUpdateRelease": "2412.05"
    },
    {
      "uid": "78b17a76-e49a-4c3c-926e-047f408eb08a",
      "name": "descriptor",
      "mimeType": "application/json",
      "size": 2354,
      "lastUpdateRelease": "2412.05"
    }
  ],
  "exportRelease": "2501.02",
  "lastHeaderUpdateRelease": "2311.05",
  "submittable": true,
  "mode": "managed"
}